OrderLineID,OrderID,ProductID,Quantity,UnitPrice,DiscountRate,NetSalesAmount,TotalCost
LINE000001,ORD00001,PROD003,3,189.0,0.05,538.65,330.0
LINE000002,ORD00002,PROD007,2,159.0,0.15,270.3,190.0
LINE000003,ORD00003,PROD005,4,599.0,0.0,2396.0,1520.0
LINE000004,ORD00003,PROD008,2,39.0,0.1,70.2,36.0
LINE000005,ORD00004,PROD010,1,79.0,0.0,79.0,38.0
LINE000006,ORD00004,PROD004,3,249.0,0.0,747.0,420.0
LINE000007,ORD00005,PROD012,1,329.0,0.0,329.0,210.0
LINE000008,ORD00005,PROD012,3,329.0,0.0,987.0,630.0
LINE000009,ORD00006,PROD006,3,129.0,0.1,348.3,225.0
LINE000010,ORD00006,PROD005,3,599.0,0.1,1617.3,1140.0
LINE000011,ORD00007,PROD011,4,49.0,0.2,156.8,88.0
LINE000012,ORD00007,PROD006,4,129.0,0.0,516.0,300.0
LINE000013,ORD00007,PROD009,4,119.0,0.05,452.2,260.0
LINE000014,ORD00008,PROD004,5,249.0,0.2,996.0,700.0
LINE000015,ORD00009,PROD001,3,1299.0,0.05,3702.15,2760.0
LINE000016,ORD00009,PROD004,4,249.0,0.0,996.0,560.0
LINE000017,ORD00010,PROD003,3,189.0,0.0,567.0,330.0
LINE000018,ORD00010,PROD007,3,159.0,0.1,429.3,285.0
LINE000019,ORD00010,PROD005,5,599.0,0.2,2396.0,1900.0
LINE000020,ORD00011,PROD012,1,329.0,0.0,329.0,210.0
LINE000021,ORD00011,PROD008,2,39.0,0.05,74.1,36.0
LINE000022,ORD00012,PROD002,2,34.99,0.0,69.98,30.0
LINE000023,ORD00012,PROD008,3,39.0,0.0,117.0,54.0
LINE000024,ORD00012,PROD005,3,599.0,0.15,1527.45,1140.0
LINE000025,ORD00013,PROD009,4,119.0,0.15,404.6,260.0
LINE000026,ORD00013,PROD006,1,129.0,0.05,122.55,75.0
LINE000027,ORD00013,PROD010,4,79.0,0.0,316.0,152.0
LINE000028,ORD00014,PROD009,4,119.0,0.0,476.0,260.0
LINE000029,ORD00015,PROD009,2,119.0,0.0,238.0,130.0
LINE000030,ORD00015,PROD008,3,39.0,0.05,111.15,54.0
LINE000031,ORD00015,PROD005,1,599.0,0.0,599.0,380.0
LINE000032,ORD00016,PROD011,2,49.0,0.05,93.1,44.0
LINE000033,ORD00016,PROD010,2,79.0,0.1,142.2,76.0
LINE000034,ORD00016,PROD001,4,1299.0,0.0,5196.0,3680.0
LINE000035,ORD00017,PROD009,1,119.0,0.0,119.0,65.0
LINE000036,ORD00018,PROD006,2,129.0,0.05,245.1,150.0
LINE000037,ORD00019,PROD001,1,1299.0,0.05,1234.05,920.0
LINE000038,ORD00020,PROD004,5,249.0,0.1,1120.5,700.0
LINE000039,ORD00020,PROD002,5,34.99,0.1,157.46,75.0
LINE000040,ORD00020,PROD010,1,79.0,0.0,79.0,38.0
LINE000041,ORD00021,PROD006,3,129.0,0.0,387.0,225.0
LINE000042,ORD00021,PROD005,2,599.0,0.0,1198.0,760.0
LINE000043,ORD00022,PROD008,2,39.0,0.05,74.1,36.0
LINE000044,ORD00022,PROD009,1,119.0,0.15,101.15,65.0
LINE000045,ORD00023,PROD012,1,329.0,0.05,312.55,210.0
LINE000046,ORD00023,PROD004,3,249.0,0.0,747.0,420.0
LINE000047,ORD00023,PROD005,4,599.0,0.1,2156.4,1520.0
LINE000048,ORD00024,PROD008,3,39.0,0.0,117.0,54.0
LINE000049,ORD00025,PROD006,3,129.0,0.0,387.0,225.0
LINE000050,ORD00025,PROD003,2,189.0,0.1,340.2,220.0
LINE000051,ORD00026,PROD002,4,34.99,0.0,139.96,60.0
LINE000052,ORD00027,PROD009,2,119.0,0.0,238.0,130.0
LINE000053,ORD00027,PROD007,4,159.0,0.1,572.4,380.0
LINE000054,ORD00028,PROD007,1,159.0,0.0,159.0,95.0
LINE000055,ORD00028,PROD010,2,79.0,0.1,142.2,76.0
LINE000056,ORD00028,PROD003,1,189.0,0.05,179.55,110.0
LINE000057,ORD00029,PROD010,5,79.0,0.0,395.0,190.0
LINE000058,ORD00029,PROD007,3,159.0,0.2,381.6,285.0
LINE000059,ORD00030,PROD004,3,249.0,0.0,747.0,420.0
LINE000060,ORD00030,PROD010,3,79.0,0.0,237.0,114.0
LINE000061,ORD00030,PROD002,2,34.99,0.1,62.98,30.0
LINE000062,ORD00031,PROD005,3,599.0,0.05,1707.15,1140.0
LINE000063,ORD00031,PROD012,3,329.0,0.1,888.3,630.0
LINE000064,ORD00031,PROD009,1,119.0,0.05,113.05,65.0
LINE000065,ORD00032,PROD005,2,599.0,0.1,1078.2,760.0
LINE000066,ORD00033,PROD009,3,119.0,0.05,339.15,195.0
LINE000067,ORD00034,PROD010,4,79.0,0.0,316.0,152.0
LINE000068,ORD00034,PROD002,3,34.99,0.1,94.47,45.0
LINE000069,ORD00035,PROD007,5,159.0,0.0,795.0,475.0
LINE000070,ORD00035,PROD008,3,39.0,0.1,105.3,54.0
LINE000071,ORD00035,PROD005,3,599.0,0.2,1437.6,1140.0
LINE000072,ORD00036,PROD009,4,119.0,0.0,476.0,260.0
LINE000073,ORD00037,PROD011,4,49.0,0.05,186.2,88.0
LINE000074,ORD00038,PROD007,1,159.0,0.0,159.0,95.0
LINE000075,ORD00038,PROD003,4,189.0,0.1,680.4,440.0
LINE000076,ORD00039,PROD006,5,129.0,0.1,580.5,375.0
LINE000077,ORD00039,PROD005,5,599.0,0.15,2545.75,1900.0
LINE000078,ORD00039,PROD007,4,159.0,0.2,508.8,380.0
LINE000079,ORD00040,PROD002,2,34.99,0.15,59.48,30.0
LINE000080,ORD00041,PROD010,3,79.0,0.0,237.0,114.0
LINE000081,ORD00042,PROD008,4,39.0,0.0,156.0,72.0
LINE000082,ORD00042,PROD011,5,49.0,0.0,245.0,110.0
LINE000083,ORD00042,PROD011,1,49.0,0.1,44.1,22.0
LINE000084,ORD00043,PROD003,2,189.0,0.0,378.0,220.0
LINE000085,ORD00044,PROD012,4,329.0,0.0,1316.0,840.0
LINE000086,ORD00045,PROD010,4,79.0,0.1,284.4,152.0
LINE000087,ORD00046,PROD005,3,599.0,0.1,1617.3,1140.0
LINE000088,ORD00046,PROD004,3,249.0,0.05,709.65,420.0
LINE000089,ORD00047,PROD007,4,159.0,0.05,604.2,380.0
LINE000090,ORD00048,PROD001,1,1299.0,0.0,1299.0,920.0
LINE000091,ORD00048,PROD008,3,39.0,0.1,105.3,54.0
LINE000092,ORD00049,PROD007,4,159.0,0.0,636.0,380.0
LINE000093,ORD00049,PROD004,2,249.0,0.0,498.0,280.0
LINE000094,ORD00050,PROD007,2,159.0,0.15,270.3,190.0
LINE000095,ORD00051,PROD012,4,329.0,0.1,1184.4,840.0
LINE000096,ORD00051,PROD010,1,79.0,0.0,79.0,38.0
LINE000097,ORD00051,PROD011,4,49.0,0.15,166.6,88.0
LINE000098,ORD00052,PROD006,5,129.0,0.0,645.0,375.0
LINE000099,ORD00052,PROD009,3,119.0,0.05,339.15,195.0
LINE000100,ORD00052,PROD003,2,189.0,0.0,378.0,220.0
LINE000101,ORD00053,PROD012,1,329.0,0.05,312.55,210.0
LINE000102,ORD00053,PROD007,1,159.0,0.0,159.0,95.0
LINE000103,ORD00053,PROD007,5,159.0,0.05,755.25,475.0
LINE000104,ORD00054,PROD009,1,119.0,0.05,113.05,65.0
LINE000105,ORD00055,PROD012,5,329.0,0.0,1645.0,1050.0
LINE000106,ORD00055,PROD008,2,39.0,0.1,70.2,36.0
LINE000107,ORD00055,PROD005,2,599.0,0.05,1138.1,760.0
LINE000108,ORD00056,PROD009,5,119.0,0.1,535.5,325.0
LINE000109,ORD00057,PROD001,5,1299.0,0.1,5845.5,4600.0
LINE000110,ORD00057,PROD004,2,249.0,0.1,448.2,280.0
LINE000111,ORD00057,PROD001,3,1299.0,0.1,3507.3,2760.0
LINE000112,ORD00058,PROD008,3,39.0,0.05,111.15,54.0
LINE000113,ORD00058,PROD008,2,39.0,0.05,74.1,36.0
LINE000114,ORD00058,PROD006,1,129.0,0.1,116.1,75.0
LINE000115,ORD00059,PROD006,5,129.0,0.15,548.25,375.0
LINE000116,ORD00059,PROD008,1,39.0,0.0,39.0,18.0
LINE000117,ORD00060,PROD009,2,119.0,0.0,238.0,130.0
LINE000118,ORD00060,PROD003,3,189.0,0.1,510.3,330.0
LINE000119,ORD00060,PROD003,4,189.0,0.0,756.0,440.0
LINE000120,ORD00061,PROD008,5,39.0,0.1,175.5,90.0
LINE000121,ORD00061,PROD003,4,189.0,0.05,718.2,440.0
LINE000122,ORD00061,PROD001,1,1299.0,0.0,1299.0,920.0
LINE000123,ORD00062,PROD003,3,189.0,0.0,567.0,330.0
LINE000124,ORD00062,PROD005,3,599.0,0.05,1707.15,1140.0
LINE000125,ORD00062,PROD012,5,329.0,0.0,1645.0,1050.0
LINE000126,ORD00063,PROD006,3,129.0,0.2,309.6,225.0
LINE000127,ORD00064,PROD011,2,49.0,0.1,88.2,44.0
LINE000128,ORD00065,PROD008,4,39.0,0.0,156.0,72.0
LINE000129,ORD00066,PROD004,5,249.0,0.05,1182.75,700.0
LINE000130,ORD00067,PROD003,2,189.0,0.0,378.0,220.0
LINE000131,ORD00067,PROD005,2,599.0,0.1,1078.2,760.0
LINE000132,ORD00068,PROD001,2,1299.0,0.0,2598.0,1840.0
LINE000133,ORD00068,PROD003,1,189.0,0.1,170.1,110.0
LINE000134,ORD00069,PROD002,5,34.99,0.0,174.95,75.0
LINE000135,ORD00069,PROD008,3,39.0,0.0,117.0,54.0
LINE000136,ORD00070,PROD002,1,34.99,0.05,33.24,15.0
LINE000137,ORD00070,PROD012,3,329.0,0.1,888.3,630.0
LINE000138,ORD00070,PROD011,1,49.0,0.0,49.0,22.0
LINE000139,ORD00071,PROD011,4,49.0,0.05,186.2,88.0
LINE000140,ORD00072,PROD002,4,34.99,0.1,125.96,60.0
LINE000141,ORD00073,PROD009,5,119.0,0.05,565.25,325.0
LINE000142,ORD00073,PROD005,3,599.0,0.0,1797.0,1140.0
LINE000143,ORD00073,PROD005,3,599.0,0.0,1797.0,1140.0
LINE000144,ORD00074,PROD006,5,129.0,0.0,645.0,375.0
LINE000145,ORD00074,PROD002,2,34.99,0.0,69.98,30.0
LINE000146,ORD00074,PROD012,5,329.0,0.0,1645.0,1050.0
LINE000147,ORD00075,PROD007,3,159.0,0.1,429.3,285.0
LINE000148,ORD00075,PROD011,2,49.0,0.0,98.0,44.0
LINE000149,ORD00076,PROD012,2,329.0,0.0,658.0,420.0
LINE000150,ORD00076,PROD005,5,599.0,0.0,2995.0,1900.0
LINE000151,ORD00077,PROD010,4,79.0,0.05,300.2,152.0
LINE000152,ORD00077,PROD001,2,1299.0,0.0,2598.0,1840.0
LINE000153,ORD00078,PROD003,5,189.0,0.0,945.0,550.0
LINE000154,ORD00078,PROD006,5,129.0,0.0,645.0,375.0
LINE000155,ORD00078,PROD003,3,189.0,0.05,538.65,330.0
LINE000156,ORD00079,PROD008,2,39.0,0.1,70.2,36.0
LINE000157,ORD00079,PROD002,1,34.99,0.05,33.24,15.0
LINE000158,ORD00080,PROD001,5,1299.0,0.0,6495.0,4600.0
LINE000159,ORD00081,PROD002,2,34.99,0.0,69.98,30.0
LINE000160,ORD00081,PROD006,5,129.0,0.0,645.0,375.0
LINE000161,ORD00081,PROD003,3,189.0,0.05,538.65,330.0
LINE000162,ORD00082,PROD007,3,159.0,0.1,429.3,285.0
LINE000163,ORD00083,PROD006,1,129.0,0.0,129.0,75.0
LINE000164,ORD00084,PROD008,4,39.0,0.0,156.0,72.0
LINE000165,ORD00085,PROD006,3,129.0,0.1,348.3,225.0
LINE000166,ORD00085,PROD002,3,34.99,0.0,104.97,45.0
LINE000167,ORD00085,PROD006,2,129.0,0.15,219.3,150.0
LINE000168,ORD00086,PROD001,5,1299.0,0.0,6495.0,4600.0
LINE000169,ORD00086,PROD003,3,189.0,0.1,510.3,330.0
LINE000170,ORD00086,PROD009,3,119.0,0.05,339.15,195.0
LINE000171,ORD00087,PROD005,1,599.0,0.1,539.1,380.0
LINE000172,ORD00087,PROD004,5,249.0,0.0,1245.0,700.0
LINE000173,ORD00088,PROD004,5,249.0,0.0,1245.0,700.0
LINE000174,ORD00089,PROD006,5,129.0,0.0,645.0,375.0
LINE000175,ORD00089,PROD008,2,39.0,0.05,74.1,36.0
LINE000176,ORD00090,PROD004,4,249.0,0.1,896.4,560.0
LINE000177,ORD00090,PROD007,2,159.0,0.1,286.2,190.0
LINE000178,ORD00090,PROD010,1,79.0,0.0,79.0,38.0
LINE000179,ORD00091,PROD006,5,129.0,0.0,645.0,375.0
LINE000180,ORD00092,PROD004,3,249.0,0.15,634.95,420.0
LINE000181,ORD00093,PROD009,5,119.0,0.15,505.75,325.0
LINE000182,ORD00093,PROD006,5,129.0,0.1,580.5,375.0
LINE000183,ORD00094,PROD001,4,1299.0,0.1,4676.4,3680.0
LINE000184,ORD00095,PROD002,1,34.99,0.1,31.49,15.0
LINE000185,ORD00095,PROD008,4,39.0,0.05,148.2,72.0
LINE000186,ORD00095,PROD008,1,39.0,0.0,39.0,18.0
LINE000187,ORD00096,PROD012,3,329.0,0.2,789.6,630.0
LINE000188,ORD00096,PROD010,1,79.0,0.2,63.2,38.0
LINE000189,ORD00097,PROD002,1,34.99,0.05,33.24,15.0
LINE000190,ORD00098,PROD011,1,49.0,0.05,46.55,22.0
LINE000191,ORD00098,PROD002,4,34.99,0.1,125.96,60.0
LINE000192,ORD00099,PROD001,3,1299.0,0.05,3702.15,2760.0
LINE000193,ORD00099,PROD011,2,49.0,0.0,98.0,44.0
LINE000194,ORD00099,PROD004,3,249.0,0.0,747.0,420.0
LINE000195,ORD00100,PROD011,1,49.0,0.0,49.0,22.0
LINE000196,ORD00101,PROD008,5,39.0,0.15,165.75,90.0
LINE000197,ORD00101,PROD004,4,249.0,0.05,946.2,560.0
LINE000198,ORD00102,PROD005,1,599.0,0.1,539.1,380.0
LINE000199,ORD00102,PROD006,2,129.0,0.0,258.0,150.0
LINE000200,ORD00103,PROD009,5,119.0,0.05,565.25,325.0
LINE000201,ORD00103,PROD005,2,599.0,0.2,958.4,760.0
LINE000202,ORD00104,PROD005,2,599.0,0.0,1198.0,760.0
LINE000203,ORD00104,PROD005,1,599.0,0.0,599.0,380.0
LINE000204,ORD00105,PROD001,5,1299.0,0.1,5845.5,4600.0
LINE000205,ORD00105,PROD005,3,599.0,0.05,1707.15,1140.0
LINE000206,ORD00105,PROD011,5,49.0,0.0,245.0,110.0
LINE000207,ORD00106,PROD010,3,79.0,0.0,237.0,114.0
LINE000208,ORD00107,PROD001,3,1299.0,0.1,3507.3,2760.0
LINE000209,ORD00107,PROD008,2,39.0,0.0,78.0,36.0
LINE000210,ORD00107,PROD011,4,49.0,0.0,196.0,88.0
LINE000211,ORD00108,PROD004,3,249.0,0.0,747.0,420.0
LINE000212,ORD00108,PROD011,3,49.0,0.0,147.0,66.0
LINE000213,ORD00108,PROD003,4,189.0,0.0,756.0,440.0
LINE000214,ORD00109,PROD005,3,599.0,0.1,1617.3,1140.0
LINE000215,ORD00109,PROD006,1,129.0,0.15,109.65,75.0
LINE000216,ORD00110,PROD002,2,34.99,0.0,69.98,30.0
LINE000217,ORD00111,PROD007,2,159.0,0.15,270.3,190.0
LINE000218,ORD00111,PROD007,1,159.0,0.0,159.0,95.0
LINE000219,ORD00112,PROD002,4,34.99,0.0,139.96,60.0
LINE000220,ORD00112,PROD005,5,599.0,0.0,2995.0,1900.0
LINE000221,ORD00113,PROD008,3,39.0,0.2,93.6,54.0
LINE000222,ORD00114,PROD003,2,189.0,0.05,359.1,220.0
LINE000223,ORD00115,PROD009,1,119.0,0.1,107.1,65.0
LINE000224,ORD00115,PROD006,4,129.0,0.2,412.8,300.0
LINE000225,ORD00115,PROD009,5,119.0,0.1,535.5,325.0
LINE000226,ORD00116,PROD001,4,1299.0,0.0,5196.0,3680.0
LINE000227,ORD00116,PROD001,5,1299.0,0.0,6495.0,4600.0
LINE000228,ORD00117,PROD001,3,1299.0,0.0,3897.0,2760.0
LINE000229,ORD00117,PROD008,5,39.0,0.1,175.5,90.0
LINE000230,ORD00117,PROD001,2,1299.0,0.0,2598.0,1840.0
LINE000231,ORD00118,PROD006,5,129.0,0.05,612.75,375.0
LINE000232,ORD00118,PROD006,5,129.0,0.1,580.5,375.0
LINE000233,ORD00119,PROD007,4,159.0,0.0,636.0,380.0
LINE000234,ORD00119,PROD003,4,189.0,0.15,642.6,440.0
LINE000235,ORD00119,PROD003,2,189.0,0.0,378.0,220.0
LINE000236,ORD00120,PROD009,1,119.0,0.0,119.0,65.0
LINE000237,ORD00120,PROD005,2,599.0,0.0,1198.0,760.0
LINE000238,ORD00120,PROD010,2,79.0,0.05,150.1,76.0
LINE000239,ORD00121,PROD003,4,189.0,0.2,604.8,440.0
LINE000240,ORD00121,PROD003,2,189.0,0.05,359.1,220.0
LINE000241,ORD00121,PROD012,2,329.0,0.15,559.3,420.0
LINE000242,ORD00122,PROD004,4,249.0,0.2,796.8,560.0
LINE000243,ORD00123,PROD001,4,1299.0,0.1,4676.4,3680.0
LINE000244,ORD00124,PROD007,4,159.0,0.1,572.4,380.0
LINE000245,ORD00124,PROD011,5,49.0,0.05,232.75,110.0
LINE000246,ORD00124,PROD002,2,34.99,0.0,69.98,30.0
LINE000247,ORD00125,PROD002,2,34.99,0.15,59.48,30.0
LINE000248,ORD00125,PROD003,3,189.0,0.0,567.0,330.0
LINE000249,ORD00126,PROD001,4,1299.0,0.2,4156.8,3680.0
LINE000250,ORD00127,PROD012,1,329.0,0.0,329.0,210.0
LINE000251,ORD00127,PROD003,2,189.0,0.0,378.0,220.0
LINE000252,ORD00128,PROD004,4,249.0,0.1,896.4,560.0
LINE000253,ORD00128,PROD011,1,49.0,0.1,44.1,22.0
LINE000254,ORD00129,PROD009,4,119.0,0.0,476.0,260.0
LINE000255,ORD00130,PROD002,1,34.99,0.05,33.24,15.0
LINE000256,ORD00130,PROD011,4,49.0,0.0,196.0,88.0
LINE000257,ORD00130,PROD006,2,129.0,0.05,245.1,150.0
LINE000258,ORD00131,PROD007,1,159.0,0.0,159.0,95.0
LINE000259,ORD00131,PROD005,1,599.0,0.05,569.05,380.0
LINE000260,ORD00132,PROD011,4,49.0,0.05,186.2,88.0
LINE000261,ORD00132,PROD004,1,249.0,0.2,199.2,140.0
LINE000262,ORD00132,PROD004,4,249.0,0.0,996.0,560.0
LINE000263,ORD00133,PROD012,1,329.0,0.0,329.0,210.0
LINE000264,ORD00134,PROD005,3,599.0,0.0,1797.0,1140.0
LINE000265,ORD00134,PROD008,4,39.0,0.0,156.0,72.0
LINE000266,ORD00135,PROD012,2,329.0,0.0,658.0,420.0
LINE000267,ORD00135,PROD011,4,49.0,0.05,186.2,88.0
LINE000268,ORD00136,PROD010,3,79.0,0.0,237.0,114.0
LINE000269,ORD00137,PROD008,2,39.0,0.0,78.0,36.0
LINE000270,ORD00137,PROD005,4,599.0,0.1,2156.4,1520.0
LINE000271,ORD00138,PROD001,1,1299.0,0.0,1299.0,920.0
LINE000272,ORD00138,PROD001,2,1299.0,0.05,2468.1,1840.0
LINE000273,ORD00138,PROD002,2,34.99,0.0,69.98,30.0
LINE000274,ORD00139,PROD001,2,1299.0,0.0,2598.0,1840.0
LINE000275,ORD00139,PROD003,5,189.0,0.1,850.5,550.0
LINE000276,ORD00140,PROD002,3,34.99,0.0,104.97,45.0
LINE000277,ORD00141,PROD010,5,79.0,0.0,395.0,190.0
LINE000278,ORD00142,PROD009,5,119.0,0.0,595.0,325.0
LINE000279,ORD00142,PROD004,3,249.0,0.1,672.3,420.0
LINE000280,ORD00142,PROD009,1,119.0,0.0,119.0,65.0
LINE000281,ORD00143,PROD004,3,249.0,0.05,709.65,420.0
LINE000282,ORD00144,PROD012,4,329.0,0.0,1316.0,840.0
LINE000283,ORD00144,PROD004,2,249.0,0.0,498.0,280.0
LINE000284,ORD00145,PROD009,5,119.0,0.05,565.25,325.0
LINE000285,ORD00145,PROD001,5,1299.0,0.0,6495.0,4600.0
LINE000286,ORD00145,PROD009,2,119.0,0.05,226.1,130.0
LINE000287,ORD00146,PROD005,3,599.0,0.0,1797.0,1140.0
LINE000288,ORD00146,PROD009,2,119.0,0.15,202.3,130.0
LINE000289,ORD00146,PROD002,2,34.99,0.1,62.98,30.0
LINE000290,ORD00147,PROD001,4,1299.0,0.0,5196.0,3680.0
LINE000291,ORD00148,PROD007,2,159.0,0.1,286.2,190.0
LINE000292,ORD00149,PROD007,3,159.0,0.1,429.3,285.0
LINE000293,ORD00149,PROD007,5,159.0,0.1,715.5,475.0
LINE000294,ORD00150,PROD003,1,189.0,0.1,170.1,110.0
LINE000295,ORD00150,PROD010,5,79.0,0.1,355.5,190.0
LINE000296,ORD00151,PROD009,2,119.0,0.1,214.2,130.0
LINE000297,ORD00151,PROD006,5,129.0,0.0,645.0,375.0
LINE000298,ORD00151,PROD001,4,1299.0,0.05,4936.2,3680.0
LINE000299,ORD00152,PROD009,4,119.0,0.0,476.0,260.0
LINE000300,ORD00153,PROD006,1,129.0,0.0,129.0,75.0
LINE000301,ORD00154,PROD007,1,159.0,0.0,159.0,95.0
LINE000302,ORD00155,PROD009,2,119.0,0.15,202.3,130.0
LINE000303,ORD00155,PROD006,4,129.0,0.0,516.0,300.0
LINE000304,ORD00155,PROD002,4,34.99,0.0,139.96,60.0
LINE000305,ORD00156,PROD007,5,159.0,0.0,795.0,475.0
LINE000306,ORD00157,PROD006,2,129.0,0.0,258.0,150.0
LINE000307,ORD00158,PROD006,4,129.0,0.0,516.0,300.0
LINE000308,ORD00158,PROD003,4,189.0,0.15,642.6,440.0
LINE000309,ORD00159,PROD001,1,1299.0,0.0,1299.0,920.0
LINE000310,ORD00159,PROD001,4,1299.0,0.1,4676.4,3680.0
LINE000311,ORD00160,PROD005,5,599.0,0.0,2995.0,1900.0
LINE000312,ORD00161,PROD008,5,39.0,0.0,195.0,90.0
LINE000313,ORD00161,PROD011,1,49.0,0.0,49.0,22.0
LINE000314,ORD00161,PROD001,3,1299.0,0.0,3897.0,2760.0
LINE000315,ORD00162,PROD009,5,119.0,0.0,595.0,325.0
LINE000316,ORD00162,PROD006,4,129.0,0.0,516.0,300.0
LINE000317,ORD00163,PROD008,1,39.0,0.0,39.0,18.0
LINE000318,ORD00163,PROD011,3,49.0,0.05,139.65,66.0
LINE000319,ORD00164,PROD012,4,329.0,0.0,1316.0,840.0
LINE000320,ORD00164,PROD002,3,34.99,0.1,94.47,45.0
LINE000321,ORD00165,PROD005,2,599.0,0.1,1078.2,760.0
LINE000322,ORD00166,PROD012,2,329.0,0.05,625.1,420.0
LINE000323,ORD00166,PROD011,2,49.0,0.1,88.2,44.0
LINE000324,ORD00166,PROD007,3,159.0,0.0,477.0,285.0
LINE000325,ORD00167,PROD011,3,49.0,0.0,147.0,66.0
LINE000326,ORD00167,PROD003,3,189.0,0.05,538.65,330.0
LINE000327,ORD00167,PROD012,2,329.0,0.0,658.0,420.0
LINE000328,ORD00168,PROD004,1,249.0,0.0,249.0,140.0
LINE000329,ORD00168,PROD009,2,119.0,0.0,238.0,130.0
LINE000330,ORD00168,PROD010,5,79.0,0.0,395.0,190.0
LINE000331,ORD00169,PROD009,1,119.0,0.0,119.0,65.0
LINE000332,ORD00169,PROD006,5,129.0,0.1,580.5,375.0
LINE000333,ORD00169,PROD012,1,329.0,0.0,329.0,210.0
LINE000334,ORD00170,PROD008,5,39.0,0.0,195.0,90.0
LINE000335,ORD00171,PROD007,4,159.0,0.0,636.0,380.0
LINE000336,ORD00171,PROD003,2,189.0,0.05,359.1,220.0
LINE000337,ORD00172,PROD003,4,189.0,0.05,718.2,440.0
LINE000338,ORD00172,PROD009,1,119.0,0.05,113.05,65.0
LINE000339,ORD00172,PROD012,1,329.0,0.1,296.1,210.0
LINE000340,ORD00173,PROD005,4,599.0,0.05,2276.2,1520.0
LINE000341,ORD00173,PROD007,1,159.0,0.0,159.0,95.0
LINE000342,ORD00174,PROD006,1,129.0,0.05,122.55,75.0
LINE000343,ORD00174,PROD008,1,39.0,0.1,35.1,18.0
LINE000344,ORD00174,PROD012,5,329.0,0.0,1645.0,1050.0
LINE000345,ORD00175,PROD011,4,49.0,0.05,186.2,88.0
LINE000346,ORD00176,PROD001,5,1299.0,0.0,6495.0,4600.0
LINE000347,ORD00176,PROD002,5,34.99,0.0,174.95,75.0
LINE000348,ORD00177,PROD001,3,1299.0,0.1,3507.3,2760.0
LINE000349,ORD00178,PROD001,2,1299.0,0.05,2468.1,1840.0
LINE000350,ORD00178,PROD002,2,34.99,0.1,62.98,30.0
LINE000351,ORD00178,PROD001,1,1299.0,0.0,1299.0,920.0
LINE000352,ORD00179,PROD011,3,49.0,0.15,124.95,66.0
LINE000353,ORD00179,PROD003,3,189.0,0.0,567.0,330.0
LINE000354,ORD00179,PROD001,1,1299.0,0.15,1104.15,920.0
LINE000355,ORD00180,PROD004,4,249.0,0.05,946.2,560.0
LINE000356,ORD00181,PROD012,1,329.0,0.0,329.0,210.0
LINE000357,ORD00181,PROD012,2,329.0,0.2,526.4,420.0
LINE000358,ORD00182,PROD001,2,1299.0,0.1,2338.2,1840.0
LINE000359,ORD00182,PROD001,1,1299.0,0.1,1169.1,920.0
LINE000360,ORD00183,PROD002,3,34.99,0.0,104.97,45.0
LINE000361,ORD00183,PROD008,3,39.0,0.0,117.0,54.0
LINE000362,ORD00184,PROD001,1,1299.0,0.1,1169.1,920.0
LINE000363,ORD00184,PROD009,4,119.0,0.05,452.2,260.0
LINE000364,ORD00185,PROD012,2,329.0,0.0,658.0,420.0
LINE000365,ORD00186,PROD010,2,79.0,0.0,158.0,76.0
LINE000366,ORD00186,PROD012,4,329.0,0.1,1184.4,840.0
LINE000367,ORD00186,PROD003,5,189.0,0.0,945.0,550.0
LINE000368,ORD00187,PROD005,3,599.0,0.1,1617.3,1140.0
LINE000369,ORD00187,PROD005,1,599.0,0.0,599.0,380.0
LINE000370,ORD00188,PROD001,5,1299.0,0.2,5196.0,4600.0
LINE000371,ORD00189,PROD005,2,599.0,0.15,1018.3,760.0
LINE000372,ORD00190,PROD010,4,79.0,0.1,284.4,152.0
LINE000373,ORD00190,PROD002,5,34.99,0.05,166.2,75.0
LINE000374,ORD00190,PROD002,3,34.99,0.2,83.98,45.0
LINE000375,ORD00191,PROD012,2,329.0,0.0,658.0,420.0
LINE000376,ORD00191,PROD010,3,79.0,0.05,225.15,114.0
LINE000377,ORD00191,PROD012,1,329.0,0.0,329.0,210.0
LINE000378,ORD00192,PROD008,1,39.0,0.0,39.0,18.0
LINE000379,ORD00193,PROD009,5,119.0,0.0,595.0,325.0
LINE000380,ORD00193,PROD009,2,119.0,0.2,190.4,130.0
LINE000381,ORD00194,PROD003,1,189.0,0.1,170.1,110.0
LINE000382,ORD00194,PROD012,4,329.0,0.1,1184.4,840.0
LINE000383,ORD00195,PROD005,1,599.0,0.1,539.1,380.0
LINE000384,ORD00196,PROD002,2,34.99,0.0,69.98,30.0
LINE000385,ORD00196,PROD007,1,159.0,0.0,159.0,95.0
LINE000386,ORD00197,PROD003,1,189.0,0.2,151.2,110.0
LINE000387,ORD00198,PROD008,1,39.0,0.1,35.1,18.0
LINE000388,ORD00198,PROD005,2,599.0,0.2,958.4,760.0
LINE000389,ORD00198,PROD006,3,129.0,0.15,328.95,225.0
LINE000390,ORD00199,PROD001,3,1299.0,0.05,3702.15,2760.0
LINE000391,ORD00200,PROD010,2,79.0,0.0,158.0,76.0
LINE000392,ORD00200,PROD006,3,129.0,0.05,367.65,225.0
LINE000393,ORD00201,PROD007,5,159.0,0.0,795.0,475.0
LINE000394,ORD00201,PROD009,1,119.0,0.0,119.0,65.0
LINE000395,ORD00202,PROD012,4,329.0,0.05,1250.2,840.0
LINE000396,ORD00203,PROD007,3,159.0,0.0,477.0,285.0
LINE000397,ORD00203,PROD002,1,34.99,0.05,33.24,15.0
LINE000398,ORD00204,PROD005,1,599.0,0.0,599.0,380.0
LINE000399,ORD00204,PROD010,3,79.0,0.05,225.15,114.0
LINE000400,ORD00205,PROD009,5,119.0,0.05,565.25,325.0
LINE000401,ORD00205,PROD006,3,129.0,0.05,367.65,225.0
LINE000402,ORD00206,PROD011,2,49.0,0.0,98.0,44.0
LINE000403,ORD00206,PROD005,2,599.0,0.0,1198.0,760.0
LINE000404,ORD00207,PROD003,1,189.0,0.05,179.55,110.0
LINE000405,ORD00207,PROD001,1,1299.0,0.0,1299.0,920.0
LINE000406,ORD00207,PROD007,4,159.0,0.1,572.4,380.0
LINE000407,ORD00208,PROD009,4,119.0,0.0,476.0,260.0
LINE000408,ORD00208,PROD012,1,329.0,0.0,329.0,210.0
LINE000409,ORD00209,PROD012,5,329.0,0.15,1398.25,1050.0
LINE000410,ORD00209,PROD003,4,189.0,0.0,756.0,440.0
LINE000411,ORD00210,PROD003,5,189.0,0.0,945.0,550.0
LINE000412,ORD00210,PROD007,1,159.0,0.15,135.15,95.0
LINE000413,ORD00210,PROD010,4,79.0,0.0,316.0,152.0
LINE000414,ORD00211,PROD008,2,39.0,0.1,70.2,36.0
LINE000415,ORD00212,PROD001,4,1299.0,0.0,5196.0,3680.0
LINE000416,ORD00213,PROD004,2,249.0,0.1,448.2,280.0
LINE000417,ORD00213,PROD009,5,119.0,0.05,565.25,325.0
LINE000418,ORD00214,PROD009,3,119.0,0.05,339.15,195.0
LINE000419,ORD00215,PROD004,1,249.0,0.1,224.1,140.0
LINE000420,ORD00215,PROD010,4,79.0,0.05,300.2,152.0
LINE000421,ORD00215,PROD001,4,1299.0,0.2,4156.8,3680.0
LINE000422,ORD00216,PROD011,4,49.0,0.05,186.2,88.0
LINE000423,ORD00216,PROD004,4,249.0,0.05,946.2,560.0
LINE000424,ORD00217,PROD012,3,329.0,0.1,888.3,630.0
LINE000425,ORD00217,PROD012,5,329.0,0.0,1645.0,1050.0
LINE000426,ORD00218,PROD004,2,249.0,0.0,498.0,280.0
LINE000427,ORD00218,PROD011,4,49.0,0.0,196.0,88.0
LINE000428,ORD00219,PROD010,2,79.0,0.0,158.0,76.0
LINE000429,ORD00219,PROD001,1,1299.0,0.0,1299.0,920.0
LINE000430,ORD00219,PROD006,3,129.0,0.1,348.3,225.0
LINE000431,ORD00220,PROD002,1,34.99,0.0,34.99,15.0
LINE000432,ORD00220,PROD012,2,329.0,0.05,625.1,420.0
LINE000433,ORD00220,PROD012,5,329.0,0.1,1480.5,1050.0
LINE000434,ORD00221,PROD011,3,49.0,0.1,132.3,66.0
LINE000435,ORD00221,PROD005,4,599.0,0.0,2396.0,1520.0
LINE000436,ORD00221,PROD002,1,34.99,0.0,34.99,15.0
LINE000437,ORD00222,PROD009,5,119.0,0.0,595.0,325.0
LINE000438,ORD00223,PROD005,2,599.0,0.15,1018.3,760.0
LINE000439,ORD00224,PROD002,3,34.99,0.1,94.47,45.0
LINE000440,ORD00225,PROD011,3,49.0,0.15,124.95,66.0
LINE000441,ORD00225,PROD007,1,159.0,0.1,143.1,95.0
LINE000442,ORD00225,PROD006,5,129.0,0.0,645.0,375.0
LINE000443,ORD00226,PROD007,2,159.0,0.15,270.3,190.0
LINE000444,ORD00226,PROD002,1,34.99,0.15,29.74,15.0
LINE000445,ORD00227,PROD003,2,189.0,0.0,378.0,220.0
LINE000446,ORD00227,PROD005,4,599.0,0.0,2396.0,1520.0
LINE000447,ORD00227,PROD009,4,119.0,0.0,476.0,260.0
LINE000448,ORD00228,PROD004,1,249.0,0.15,211.65,140.0
LINE000449,ORD00228,PROD003,4,189.0,0.2,604.8,440.0
LINE000450,ORD00229,PROD006,3,129.0,0.0,387.0,225.0
LINE000451,ORD00229,PROD010,5,79.0,0.0,395.0,190.0
LINE000452,ORD00230,PROD011,2,49.0,0.0,98.0,44.0
LINE000453,ORD00230,PROD011,1,49.0,0.0,49.0,22.0
LINE000454,ORD00231,PROD006,4,129.0,0.1,464.4,300.0
LINE000455,ORD00231,PROD004,4,249.0,0.0,996.0,560.0
LINE000456,ORD00231,PROD009,3,119.0,0.05,339.15,195.0
LINE000457,ORD00232,PROD012,4,329.0,0.1,1184.4,840.0
LINE000458,ORD00232,PROD007,2,159.0,0.05,302.1,190.0
LINE000459,ORD00233,PROD004,1,249.0,0.0,249.0,140.0
LINE000460,ORD00233,PROD008,2,39.0,0.0,78.0,36.0
LINE000461,ORD00233,PROD012,2,329.0,0.0,658.0,420.0
LINE000462,ORD00234,PROD010,3,79.0,0.05,225.15,114.0
LINE000463,ORD00235,PROD009,2,119.0,0.05,226.1,130.0
LINE000464,ORD00235,PROD005,2,599.0,0.1,1078.2,760.0
LINE000465,ORD00235,PROD011,2,49.0,0.0,98.0,44.0
LINE000466,ORD00236,PROD005,5,599.0,0.0,2995.0,1900.0
LINE000467,ORD00237,PROD010,4,79.0,0.05,300.2,152.0
LINE000468,ORD00237,PROD003,5,189.0,0.0,945.0,550.0
LINE000469,ORD00237,PROD007,1,159.0,0.05,151.05,95.0
LINE000470,ORD00238,PROD002,2,34.99,0.2,55.98,30.0
LINE000471,ORD00239,PROD009,4,119.0,0.0,476.0,260.0
LINE000472,ORD00240,PROD012,1,329.0,0.0,329.0,210.0
LINE000473,ORD00240,PROD003,4,189.0,0.05,718.2,440.0
LINE000474,ORD00241,PROD010,2,79.0,0.1,142.2,76.0
LINE000475,ORD00242,PROD008,3,39.0,0.05,111.15,54.0
LINE000476,ORD00242,PROD008,1,39.0,0.1,35.1,18.0
LINE000477,ORD00242,PROD008,2,39.0,0.05,74.1,36.0
LINE000478,ORD00243,PROD007,3,159.0,0.0,477.0,285.0
LINE000479,ORD00243,PROD004,2,249.0,0.05,473.1,280.0
LINE000480,ORD00244,PROD006,3,129.0,0.0,387.0,225.0
LINE000481,ORD00244,PROD007,3,159.0,0.2,381.6,285.0
LINE000482,ORD00244,PROD008,5,39.0,0.1,175.5,90.0
LINE000483,ORD00245,PROD011,3,49.0,0.05,139.65,66.0
LINE000484,ORD00245,PROD005,3,599.0,0.0,1797.0,1140.0
LINE000485,ORD00245,PROD009,2,119.0,0.0,238.0,130.0
LINE000486,ORD00246,PROD012,3,329.0,0.0,987.0,630.0
LINE000487,ORD00246,PROD008,3,39.0,0.0,117.0,54.0
LINE000488,ORD00247,PROD004,1,249.0,0.1,224.1,140.0
LINE000489,ORD00248,PROD003,5,189.0,0.15,803.25,550.0
LINE000490,ORD00248,PROD005,5,599.0,0.0,2995.0,1900.0
LINE000491,ORD00248,PROD010,5,79.0,0.0,395.0,190.0
LINE000492,ORD00249,PROD003,4,189.0,0.05,718.2,440.0
LINE000493,ORD00249,PROD004,2,249.0,0.05,473.1,280.0
LINE000494,ORD00250,PROD003,1,189.0,0.0,189.0,110.0
LINE000495,ORD00251,PROD004,2,249.0,0.05,473.1,280.0
LINE000496,ORD00251,PROD012,4,329.0,0.1,1184.4,840.0
LINE000497,ORD00251,PROD006,5,129.0,0.0,645.0,375.0
LINE000498,ORD00252,PROD005,5,599.0,0.0,2995.0,1900.0
LINE000499,ORD00253,PROD002,4,34.99,0.0,139.96,60.0
LINE000500,ORD00254,PROD005,3,599.0,0.15,1527.45,1140.0
LINE000501,ORD00255,PROD002,4,34.99,0.1,125.96,60.0
LINE000502,ORD00255,PROD012,2,329.0,0.15,559.3,420.0
LINE000503,ORD00255,PROD004,1,249.0,0.15,211.65,140.0
LINE000504,ORD00256,PROD004,3,249.0,0.0,747.0,420.0
LINE000505,ORD00257,PROD002,1,34.99,0.1,31.49,15.0
LINE000506,ORD00258,PROD006,3,129.0,0.1,348.3,225.0
LINE000507,ORD00259,PROD008,5,39.0,0.0,195.0,90.0
LINE000508,ORD00259,PROD003,3,189.0,0.0,567.0,330.0
LINE000509,ORD00259,PROD002,3,34.99,0.1,94.47,45.0
LINE000510,ORD00260,PROD004,2,249.0,0.15,423.3,280.0
LINE000511,ORD00260,PROD006,1,129.0,0.0,129.0,75.0
LINE000512,ORD00260,PROD001,3,1299.0,0.0,3897.0,2760.0
LINE000513,ORD00261,PROD002,1,34.99,0.05,33.24,15.0
LINE000514,ORD00261,PROD009,4,119.0,0.1,428.4,260.0
LINE000515,ORD00262,PROD001,5,1299.0,0.0,6495.0,4600.0
LINE000516,ORD00262,PROD005,5,599.0,0.15,2545.75,1900.0
LINE000517,ORD00262,PROD005,2,599.0,0.0,1198.0,760.0
LINE000518,ORD00263,PROD009,3,119.0,0.05,339.15,195.0
LINE000519,ORD00263,PROD003,1,189.0,0.1,170.1,110.0
LINE000520,ORD00264,PROD008,5,39.0,0.0,195.0,90.0
LINE000521,ORD00264,PROD008,5,39.0,0.15,165.75,90.0
LINE000522,ORD00264,PROD006,2,129.0,0.05,245.1,150.0
LINE000523,ORD00265,PROD002,3,34.99,0.05,99.72,45.0
LINE000524,ORD00266,PROD005,1,599.0,0.0,599.0,380.0
LINE000525,ORD00267,PROD012,2,329.0,0.0,658.0,420.0
LINE000526,ORD00268,PROD006,5,129.0,0.0,645.0,375.0
LINE000527,ORD00269,PROD011,3,49.0,0.0,147.0,66.0
LINE000528,ORD00269,PROD003,1,189.0,0.0,189.0,110.0
LINE000529,ORD00269,PROD004,3,249.0,0.15,634.95,420.0
LINE000530,ORD00270,PROD006,2,129.0,0.0,258.0,150.0
LINE000531,ORD00270,PROD010,2,79.0,0.2,126.4,76.0
LINE000532,ORD00271,PROD004,2,249.0,0.0,498.0,280.0
LINE000533,ORD00272,PROD005,5,599.0,0.1,2695.5,1900.0
LINE000534,ORD00272,PROD006,4,129.0,0.15,438.6,300.0
LINE000535,ORD00273,PROD008,4,39.0,0.0,156.0,72.0
LINE000536,ORD00273,PROD002,1,34.99,0.05,33.24,15.0
LINE000537,ORD00274,PROD002,4,34.99,0.05,132.96,60.0
LINE000538,ORD00275,PROD007,1,159.0,0.0,159.0,95.0
LINE000539,ORD00275,PROD003,4,189.0,0.1,680.4,440.0
LINE000540,ORD00276,PROD001,2,1299.0,0.15,2208.3,1840.0
LINE000541,ORD00276,PROD003,5,189.0,0.0,945.0,550.0
LINE000542,ORD00276,PROD004,2,249.0,0.05,473.1,280.0
LINE000543,ORD00277,PROD007,3,159.0,0.0,477.0,285.0
LINE000544,ORD00278,PROD001,1,1299.0,0.2,1039.2,920.0
LINE000545,ORD00278,PROD005,3,599.0,0.0,1797.0,1140.0
LINE000546,ORD00279,PROD006,2,129.0,0.1,232.2,150.0
LINE000547,ORD00279,PROD009,2,119.0,0.0,238.0,130.0
LINE000548,ORD00280,PROD001,3,1299.0,0.0,3897.0,2760.0
LINE000549,ORD00280,PROD007,2,159.0,0.05,302.1,190.0
LINE000550,ORD00281,PROD006,3,129.0,0.05,367.65,225.0
LINE000551,ORD00281,PROD005,1,599.0,0.0,599.0,380.0
LINE000552,ORD00281,PROD003,3,189.0,0.15,481.95,330.0
LINE000553,ORD00282,PROD006,2,129.0,0.1,232.2,150.0
LINE000554,ORD00283,PROD005,3,599.0,0.0,1797.0,1140.0
LINE000555,ORD00283,PROD005,2,599.0,0.0,1198.0,760.0
LINE000556,ORD00284,PROD007,1,159.0,0.0,159.0,95.0
LINE000557,ORD00284,PROD006,4,129.0,0.1,464.4,300.0
LINE000558,ORD00285,PROD007,4,159.0,0.1,572.4,380.0
LINE000559,ORD00286,PROD008,5,39.0,0.0,195.0,90.0
LINE000560,ORD00286,PROD010,5,79.0,0.0,395.0,190.0
LINE000561,ORD00287,PROD004,3,249.0,0.15,634.95,420.0
LINE000562,ORD00288,PROD001,2,1299.0,0.0,2598.0,1840.0
LINE000563,ORD00288,PROD004,3,249.0,0.0,747.0,420.0
LINE000564,ORD00288,PROD007,1,159.0,0.1,143.1,95.0
LINE000565,ORD00289,PROD010,1,79.0,0.15,67.15,38.0
LINE000566,ORD00290,PROD004,5,249.0,0.0,1245.0,700.0
LINE000567,ORD00290,PROD009,1,119.0,0.0,119.0,65.0
LINE000568,ORD00291,PROD003,4,189.0,0.0,756.0,440.0
LINE000569,ORD00291,PROD004,3,249.0,0.05,709.65,420.0
LINE000570,ORD00291,PROD003,5,189.0,0.1,850.5,550.0
LINE000571,ORD00292,PROD012,5,329.0,0.0,1645.0,1050.0
LINE000572,ORD00293,PROD001,4,1299.0,0.0,5196.0,3680.0
LINE000573,ORD00294,PROD010,3,79.0,0.0,237.0,114.0
LINE000574,ORD00294,PROD008,5,39.0,0.05,185.25,90.0
LINE000575,ORD00295,PROD011,1,49.0,0.0,49.0,22.0
LINE000576,ORD00296,PROD008,4,39.0,0.05,148.2,72.0
LINE000577,ORD00296,PROD003,5,189.0,0.05,897.75,550.0
LINE000578,ORD00296,PROD003,3,189.0,0.0,567.0,330.0
LINE000579,ORD00297,PROD001,3,1299.0,0.15,3312.45,2760.0
LINE000580,ORD00297,PROD012,5,329.0,0.0,1645.0,1050.0
LINE000581,ORD00297,PROD010,2,79.0,0.1,142.2,76.0
LINE000582,ORD00298,PROD007,2,159.0,0.2,254.4,190.0
LINE000583,ORD00298,PROD010,1,79.0,0.0,79.0,38.0
LINE000584,ORD00298,PROD007,4,159.0,0.0,636.0,380.0
LINE000585,ORD00299,PROD012,1,329.0,0.1,296.1,210.0
LINE000586,ORD00300,PROD006,3,129.0,0.0,387.0,225.0
LINE000587,ORD00300,PROD002,3,34.99,0.05,99.72,45.0
LINE000588,ORD00300,PROD004,5,249.0,0.0,1245.0,700.0
LINE000589,ORD00301,PROD011,3,49.0,0.05,139.65,66.0
LINE000590,ORD00301,PROD005,4,599.0,0.0,2396.0,1520.0
LINE000591,ORD00301,PROD002,3,34.99,0.0,104.97,45.0
LINE000592,ORD00302,PROD001,3,1299.0,0.0,3897.0,2760.0
LINE000593,ORD00303,PROD003,1,189.0,0.1,170.1,110.0
LINE000594,ORD00304,PROD010,1,79.0,0.05,75.05,38.0
LINE000595,ORD00304,PROD010,4,79.0,0.0,316.0,152.0
LINE000596,ORD00304,PROD004,4,249.0,0.15,846.6,560.0
LINE000597,ORD00305,PROD003,1,189.0,0.05,179.55,110.0
LINE000598,ORD00305,PROD008,3,39.0,0.0,117.0,54.0
LINE000599,ORD00305,PROD009,5,119.0,0.15,505.75,325.0
LINE000600,ORD00306,PROD003,4,189.0,0.0,756.0,440.0
LINE000601,ORD00306,PROD009,4,119.0,0.0,476.0,260.0
LINE000602,ORD00306,PROD002,1,34.99,0.0,34.99,15.0
LINE000603,ORD00307,PROD007,3,159.0,0.05,453.15,285.0
LINE000604,ORD00308,PROD010,4,79.0,0.1,284.4,152.0
LINE000605,ORD00308,PROD002,2,34.99,0.05,66.48,30.0
LINE000606,ORD00309,PROD005,3,599.0,0.0,1797.0,1140.0
LINE000607,ORD00310,PROD012,1,329.0,0.05,312.55,210.0
LINE000608,ORD00311,PROD001,4,1299.0,0.05,4936.2,3680.0
LINE000609,ORD00311,PROD010,5,79.0,0.1,355.5,190.0
LINE000610,ORD00311,PROD012,4,329.0,0.0,1316.0,840.0
LINE000611,ORD00312,PROD011,5,49.0,0.0,245.0,110.0
LINE000612,ORD00312,PROD005,4,599.0,0.0,2396.0,1520.0
LINE000613,ORD00312,PROD004,3,249.0,0.15,634.95,420.0
LINE000614,ORD00313,PROD012,5,329.0,0.15,1398.25,1050.0
LINE000615,ORD00313,PROD006,4,129.0,0.05,490.2,300.0
LINE000616,ORD00313,PROD004,3,249.0,0.05,709.65,420.0
LINE000617,ORD00314,PROD009,4,119.0,0.05,452.2,260.0
LINE000618,ORD00314,PROD006,5,129.0,0.1,580.5,375.0
LINE000619,ORD00315,PROD008,4,39.0,0.0,156.0,72.0
LINE000620,ORD00315,PROD007,4,159.0,0.0,636.0,380.0
LINE000621,ORD00315,PROD010,3,79.0,0.1,213.3,114.0
LINE000622,ORD00316,PROD006,5,129.0,0.15,548.25,375.0
LINE000623,ORD00316,PROD006,1,129.0,0.0,129.0,75.0
LINE000624,ORD00317,PROD005,5,599.0,0.05,2845.25,1900.0
LINE000625,ORD00317,PROD009,3,119.0,0.15,303.45,195.0
LINE000626,ORD00318,PROD009,1,119.0,0.0,119.0,65.0
LINE000627,ORD00318,PROD008,5,39.0,0.0,195.0,90.0
LINE000628,ORD00318,PROD003,1,189.0,0.0,189.0,110.0
LINE000629,ORD00319,PROD001,5,1299.0,0.0,6495.0,4600.0
LINE000630,ORD00319,PROD007,2,159.0,0.0,318.0,190.0
LINE000631,ORD00320,PROD012,1,329.0,0.0,329.0,210.0
LINE000632,ORD00321,PROD002,5,34.99,0.05,166.2,75.0
LINE000633,ORD00322,PROD004,1,249.0,0.05,236.55,140.0
LINE000634,ORD00322,PROD012,1,329.0,0.0,329.0,210.0
LINE000635,ORD00323,PROD001,1,1299.0,0.1,1169.1,920.0
LINE000636,ORD00324,PROD009,1,119.0,0.05,113.05,65.0
LINE000637,ORD00324,PROD007,3,159.0,0.05,453.15,285.0
LINE000638,ORD00325,PROD008,2,39.0,0.15,66.3,36.0
LINE000639,ORD00326,PROD008,4,39.0,0.0,156.0,72.0
LINE000640,ORD00326,PROD009,1,119.0,0.0,119.0,65.0
LINE000641,ORD00326,PROD005,4,599.0,0.05,2276.2,1520.0
LINE000642,ORD00327,PROD003,1,189.0,0.05,179.55,110.0
LINE000643,ORD00327,PROD008,3,39.0,0.05,111.15,54.0
LINE000644,ORD00328,PROD003,1,189.0,0.0,189.0,110.0
LINE000645,ORD00328,PROD012,2,329.0,0.05,625.1,420.0
LINE000646,ORD00328,PROD001,5,1299.0,0.0,6495.0,4600.0
LINE000647,ORD00329,PROD002,3,34.99,0.05,99.72,45.0
LINE000648,ORD00329,PROD003,4,189.0,0.0,756.0,440.0
LINE000649,ORD00330,PROD007,3,159.0,0.1,429.3,285.0
LINE000650,ORD00331,PROD003,4,189.0,0.1,680.4,440.0
LINE000651,ORD00331,PROD011,1,49.0,0.0,49.0,22.0
LINE000652,ORD00331,PROD008,1,39.0,0.05,37.05,18.0
LINE000653,ORD00332,PROD005,1,599.0,0.05,569.05,380.0
LINE000654,ORD00332,PROD009,5,119.0,0.05,565.25,325.0
LINE000655,ORD00332,PROD008,5,39.0,0.2,156.0,90.0
LINE000656,ORD00333,PROD001,2,1299.0,0.0,2598.0,1840.0
LINE000657,ORD00333,PROD003,3,189.0,0.15,481.95,330.0
LINE000658,ORD00334,PROD011,2,49.0,0.0,98.0,44.0
LINE000659,ORD00335,PROD010,1,79.0,0.0,79.0,38.0
LINE000660,ORD00336,PROD010,5,79.0,0.1,355.5,190.0
LINE000661,ORD00336,PROD007,4,159.0,0.1,572.4,380.0
LINE000662,ORD00336,PROD011,1,49.0,0.1,44.1,22.0
LINE000663,ORD00337,PROD009,2,119.0,0.0,238.0,130.0
LINE000664,ORD00337,PROD010,1,79.0,0.0,79.0,38.0
LINE000665,ORD00337,PROD009,4,119.0,0.05,452.2,260.0
LINE000666,ORD00338,PROD007,2,159.0,0.1,286.2,190.0
LINE000667,ORD00338,PROD006,5,129.0,0.0,645.0,375.0
LINE000668,ORD00339,PROD011,2,49.0,0.15,83.3,44.0
LINE000669,ORD00340,PROD012,5,329.0,0.05,1562.75,1050.0
LINE000670,ORD00340,PROD004,2,249.0,0.1,448.2,280.0
LINE000671,ORD00340,PROD011,4,49.0,0.0,196.0,88.0
LINE000672,ORD00341,PROD005,4,599.0,0.05,2276.2,1520.0
LINE000673,ORD00341,PROD004,2,249.0,0.15,423.3,280.0
LINE000674,ORD00342,PROD001,3,1299.0,0.0,3897.0,2760.0
LINE000675,ORD00343,PROD002,2,34.99,0.0,69.98,30.0
LINE000676,ORD00344,PROD005,2,599.0,0.1,1078.2,760.0
LINE000677,ORD00344,PROD012,3,329.0,0.0,987.0,630.0
LINE000678,ORD00344,PROD005,5,599.0,0.05,2845.25,1900.0
LINE000679,ORD00345,PROD012,5,329.0,0.1,1480.5,1050.0
LINE000680,ORD00345,PROD003,5,189.0,0.1,850.5,550.0
LINE000681,ORD00345,PROD003,4,189.0,0.1,680.4,440.0
LINE000682,ORD00346,PROD009,1,119.0,0.05,113.05,65.0
LINE000683,ORD00347,PROD009,3,119.0,0.0,357.0,195.0
LINE000684,ORD00347,PROD008,3,39.0,0.0,117.0,54.0
LINE000685,ORD00347,PROD008,3,39.0,0.0,117.0,54.0
LINE000686,ORD00348,PROD012,3,329.0,0.1,888.3,630.0
LINE000687,ORD00348,PROD007,5,159.0,0.0,795.0,475.0
LINE000688,ORD00349,PROD003,3,189.0,0.0,567.0,330.0
LINE000689,ORD00349,PROD009,2,119.0,0.1,214.2,130.0
LINE000690,ORD00349,PROD001,3,1299.0,0.15,3312.45,2760.0
LINE000691,ORD00350,PROD006,2,129.0,0.0,258.0,150.0
LINE000692,ORD00350,PROD010,1,79.0,0.0,79.0,38.0
LINE000693,ORD00350,PROD006,1,129.0,0.05,122.55,75.0
LINE000694,ORD00351,PROD012,5,329.0,0.05,1562.75,1050.0
LINE000695,ORD00352,PROD003,5,189.0,0.2,756.0,550.0
LINE000696,ORD00352,PROD007,1,159.0,0.0,159.0,95.0
LINE000697,ORD00353,PROD001,4,1299.0,0.0,5196.0,3680.0
LINE000698,ORD00353,PROD008,3,39.0,0.0,117.0,54.0
LINE000699,ORD00354,PROD008,4,39.0,0.1,140.4,72.0
LINE000700,ORD00355,PROD007,5,159.0,0.1,715.5,475.0
LINE000701,ORD00355,PROD010,2,79.0,0.0,158.0,76.0
LINE000702,ORD00356,PROD011,4,49.0,0.05,186.2,88.0
LINE000703,ORD00356,PROD012,5,329.0,0.05,1562.75,1050.0
LINE000704,ORD00357,PROD003,5,189.0,0.0,945.0,550.0
LINE000705,ORD00357,PROD007,4,159.0,0.0,636.0,380.0
LINE000706,ORD00357,PROD003,1,189.0,0.15,160.65,110.0
LINE000707,ORD00358,PROD002,3,34.99,0.0,104.97,45.0
LINE000708,ORD00358,PROD004,1,249.0,0.15,211.65,140.0
LINE000709,ORD00358,PROD003,2,189.0,0.05,359.1,220.0
LINE000710,ORD00359,PROD007,2,159.0,0.1,286.2,190.0
LINE000711,ORD00359,PROD005,2,599.0,0.1,1078.2,760.0
LINE000712,ORD00359,PROD002,2,34.99,0.0,69.98,30.0
LINE000713,ORD00360,PROD001,2,1299.0,0.0,2598.0,1840.0
LINE000714,ORD00360,PROD012,5,329.0,0.0,1645.0,1050.0
LINE000715,ORD00360,PROD001,1,1299.0,0.05,1234.05,920.0
LINE000716,ORD00361,PROD004,5,249.0,0.0,1245.0,700.0
LINE000717,ORD00362,PROD004,3,249.0,0.1,672.3,420.0
LINE000718,ORD00362,PROD001,2,1299.0,0.1,2338.2,1840.0
LINE000719,ORD00362,PROD010,3,79.0,0.05,225.15,114.0
LINE000720,ORD00363,PROD010,2,79.0,0.0,158.0,76.0
LINE000721,ORD00363,PROD004,1,249.0,0.05,236.55,140.0
LINE000722,ORD00363,PROD002,2,34.99,0.0,69.98,30.0
LINE000723,ORD00364,PROD003,4,189.0,0.0,756.0,440.0
LINE000724,ORD00364,PROD004,3,249.0,0.0,747.0,420.0
LINE000725,ORD00365,PROD006,1,129.0,0.0,129.0,75.0
LINE000726,ORD00365,PROD005,5,599.0,0.0,2995.0,1900.0
LINE000727,ORD00366,PROD004,4,249.0,0.0,996.0,560.0
LINE000728,ORD00366,PROD003,4,189.0,0.05,718.2,440.0
LINE000729,ORD00367,PROD008,4,39.0,0.05,148.2,72.0
LINE000730,ORD00367,PROD004,4,249.0,0.0,996.0,560.0
LINE000731,ORD00367,PROD009,5,119.0,0.15,505.75,325.0
LINE000732,ORD00368,PROD010,2,79.0,0.1,142.2,76.0
LINE000733,ORD00368,PROD010,1,79.0,0.15,67.15,38.0
LINE000734,ORD00368,PROD007,1,159.0,0.0,159.0,95.0
LINE000735,ORD00369,PROD011,3,49.0,0.15,124.95,66.0
LINE000736,ORD00370,PROD011,2,49.0,0.05,93.1,44.0
LINE000737,ORD00370,PROD005,4,599.0,0.0,2396.0,1520.0
LINE000738,ORD00371,PROD001,2,1299.0,0.05,2468.1,1840.0
LINE000739,ORD00371,PROD003,5,189.0,0.15,803.25,550.0
LINE000740,ORD00372,PROD008,1,39.0,0.0,39.0,18.0
LINE000741,ORD00372,PROD008,5,39.0,0.0,195.0,90.0
LINE000742,ORD00372,PROD012,1,329.0,0.05,312.55,210.0
LINE000743,ORD00373,PROD005,1,599.0,0.0,599.0,380.0
LINE000744,ORD00374,PROD009,5,119.0,0.15,505.75,325.0
LINE000745,ORD00374,PROD010,5,79.0,0.1,355.5,190.0
LINE000746,ORD00374,PROD008,3,39.0,0.1,105.3,54.0
LINE000747,ORD00375,PROD005,4,599.0,0.0,2396.0,1520.0
LINE000748,ORD00375,PROD004,4,249.0,0.05,946.2,560.0
LINE000749,ORD00376,PROD006,5,129.0,0.1,580.5,375.0
LINE000750,ORD00377,PROD001,2,1299.0,0.0,2598.0,1840.0
LINE000751,ORD00378,PROD005,5,599.0,0.1,2695.5,1900.0
LINE000752,ORD00378,PROD007,2,159.0,0.0,318.0,190.0
LINE000753,ORD00378,PROD004,2,249.0,0.1,448.2,280.0
LINE000754,ORD00379,PROD005,3,599.0,0.0,1797.0,1140.0
LINE000755,ORD00379,PROD010,1,79.0,0.15,67.15,38.0
LINE000756,ORD00379,PROD003,3,189.0,0.15,481.95,330.0
LINE000757,ORD00380,PROD005,3,599.0,0.0,1797.0,1140.0
LINE000758,ORD00380,PROD001,4,1299.0,0.0,5196.0,3680.0
LINE000759,ORD00381,PROD004,1,249.0,0.2,199.2,140.0
LINE000760,ORD00381,PROD002,2,34.99,0.05,66.48,30.0
LINE000761,ORD00382,PROD009,3,119.0,0.15,303.45,195.0
LINE000762,ORD00382,PROD006,1,129.0,0.1,116.1,75.0
LINE000763,ORD00382,PROD001,5,1299.0,0.1,5845.5,4600.0
LINE000764,ORD00383,PROD001,2,1299.0,0.0,2598.0,1840.0
LINE000765,ORD00383,PROD005,1,599.0,0.1,539.1,380.0
LINE000766,ORD00383,PROD003,1,189.0,0.05,179.55,110.0
LINE000767,ORD00384,PROD012,3,329.0,0.05,937.65,630.0
LINE000768,ORD00384,PROD011,5,49.0,0.1,220.5,110.0
LINE000769,ORD00384,PROD009,4,119.0,0.0,476.0,260.0
LINE000770,ORD00385,PROD005,4,599.0,0.1,2156.4,1520.0
LINE000771,ORD00385,PROD003,4,189.0,0.15,642.6,440.0
LINE000772,ORD00386,PROD003,4,189.0,0.0,756.0,440.0
LINE000773,ORD00387,PROD007,1,159.0,0.0,159.0,95.0
LINE000774,ORD00387,PROD009,3,119.0,0.0,357.0,195.0
LINE000775,ORD00387,PROD005,4,599.0,0.0,2396.0,1520.0
LINE000776,ORD00388,PROD008,4,39.0,0.1,140.4,72.0
LINE000777,ORD00388,PROD001,5,1299.0,0.2,5196.0,4600.0
LINE000778,ORD00388,PROD010,2,79.0,0.15,134.3,76.0
LINE000779,ORD00389,PROD009,5,119.0,0.0,595.0,325.0
LINE000780,ORD00389,PROD012,3,329.0,0.05,937.65,630.0
LINE000781,ORD00390,PROD005,4,599.0,0.0,2396.0,1520.0
LINE000782,ORD00390,PROD011,2,49.0,0.1,88.2,44.0
LINE000783,ORD00390,PROD006,4,129.0,0.0,516.0,300.0
LINE000784,ORD00391,PROD010,4,79.0,0.05,300.2,152.0
LINE000785,ORD00392,PROD011,5,49.0,0.0,245.0,110.0
LINE000786,ORD00392,PROD009,5,119.0,0.0,595.0,325.0
LINE000787,ORD00392,PROD010,4,79.0,0.05,300.2,152.0
LINE000788,ORD00393,PROD009,2,119.0,0.0,238.0,130.0
LINE000789,ORD00393,PROD007,4,159.0,0.0,636.0,380.0
LINE000790,ORD00394,PROD012,2,329.0,0.1,592.2,420.0
LINE000791,ORD00395,PROD011,4,49.0,0.0,196.0,88.0
LINE000792,ORD00396,PROD012,2,329.0,0.05,625.1,420.0
LINE000793,ORD00396,PROD011,2,49.0,0.1,88.2,44.0
LINE000794,ORD00397,PROD005,1,599.0,0.0,599.0,380.0
LINE000795,ORD00397,PROD002,2,34.99,0.05,66.48,30.0
LINE000796,ORD00398,PROD007,3,159.0,0.1,429.3,285.0
LINE000797,ORD00398,PROD003,4,189.0,0.0,756.0,440.0
LINE000798,ORD00399,PROD002,1,34.99,0.2,27.99,15.0
LINE000799,ORD00399,PROD009,4,119.0,0.0,476.0,260.0
LINE000800,ORD00400,PROD001,5,1299.0,0.1,5845.5,4600.0
LINE000801,ORD00401,PROD010,1,79.0,0.1,71.1,38.0
LINE000802,ORD00401,PROD011,2,49.0,0.1,88.2,44.0
LINE000803,ORD00402,PROD004,2,249.0,0.05,473.1,280.0
LINE000804,ORD00402,PROD004,1,249.0,0.0,249.0,140.0
LINE000805,ORD00403,PROD002,2,34.99,0.0,69.98,30.0
LINE000806,ORD00404,PROD004,4,249.0,0.1,896.4,560.0
LINE000807,ORD00404,PROD009,2,119.0,0.1,214.2,130.0
LINE000808,ORD00405,PROD006,2,129.0,0.05,245.1,150.0
LINE000809,ORD00406,PROD002,4,34.99,0.1,125.96,60.0
LINE000810,ORD00407,PROD010,1,79.0,0.1,71.1,38.0
LINE000811,ORD00408,PROD012,3,329.0,0.15,838.95,630.0
LINE000812,ORD00409,PROD008,5,39.0,0.05,185.25,90.0
LINE000813,ORD00409,PROD012,5,329.0,0.1,1480.5,1050.0
LINE000814,ORD00409,PROD005,5,599.0,0.15,2545.75,1900.0
LINE000815,ORD00410,PROD002,2,34.99,0.0,69.98,30.0
LINE000816,ORD00410,PROD009,1,119.0,0.05,113.05,65.0
LINE000817,ORD00411,PROD001,4,1299.0,0.0,5196.0,3680.0
LINE000818,ORD00412,PROD006,3,129.0,0.1,348.3,225.0
LINE000819,ORD00412,PROD012,3,329.0,0.0,987.0,630.0
LINE000820,ORD00412,PROD003,5,189.0,0.0,945.0,550.0
LINE000821,ORD00413,PROD004,4,249.0,0.15,846.6,560.0
LINE000822,ORD00413,PROD001,1,1299.0,0.1,1169.1,920.0
LINE000823,ORD00414,PROD012,3,329.0,0.1,888.3,630.0
LINE000824,ORD00414,PROD006,1,129.0,0.05,122.55,75.0
LINE000825,ORD00415,PROD006,4,129.0,0.0,516.0,300.0
LINE000826,ORD00416,PROD007,2,159.0,0.0,318.0,190.0
LINE000827,ORD00416,PROD002,4,34.99,0.15,118.97,60.0
LINE000828,ORD00416,PROD012,1,329.0,0.0,329.0,210.0
LINE000829,ORD00417,PROD010,3,79.0,0.0,237.0,114.0
LINE000830,ORD00417,PROD010,2,79.0,0.0,158.0,76.0
LINE000831,ORD00418,PROD008,3,39.0,0.1,105.3,54.0
LINE000832,ORD00419,PROD012,2,329.0,0.1,592.2,420.0
LINE000833,ORD00419,PROD009,1,119.0,0.05,113.05,65.0
LINE000834,ORD00420,PROD010,3,79.0,0.05,225.15,114.0
LINE000835,ORD00421,PROD010,1,79.0,0.05,75.05,38.0
LINE000836,ORD00422,PROD003,3,189.0,0.0,567.0,330.0
LINE000837,ORD00422,PROD002,1,34.99,0.0,34.99,15.0
LINE000838,ORD00423,PROD007,5,159.0,0.1,715.5,475.0
LINE000839,ORD00423,PROD005,1,599.0,0.0,599.0,380.0
LINE000840,ORD00424,PROD007,4,159.0,0.1,572.4,380.0
LINE000841,ORD00425,PROD001,3,1299.0,0.05,3702.15,2760.0
LINE000842,ORD00426,PROD002,5,34.99,0.1,157.46,75.0
LINE000843,ORD00427,PROD005,1,599.0,0.0,599.0,380.0
LINE000844,ORD00427,PROD007,1,159.0,0.05,151.05,95.0
LINE000845,ORD00428,PROD010,4,79.0,0.0,316.0,152.0
LINE000846,ORD00428,PROD003,3,189.0,0.1,510.3,330.0
LINE000847,ORD00429,PROD009,1,119.0,0.1,107.1,65.0
LINE000848,ORD00430,PROD001,1,1299.0,0.2,1039.2,920.0
LINE000849,ORD00430,PROD001,4,1299.0,0.0,5196.0,3680.0
LINE000850,ORD00431,PROD010,5,79.0,0.0,395.0,190.0
LINE000851,ORD00431,PROD007,2,159.0,0.0,318.0,190.0
LINE000852,ORD00432,PROD012,5,329.0,0.1,1480.5,1050.0
LINE000853,ORD00433,PROD001,4,1299.0,0.05,4936.2,3680.0
LINE000854,ORD00433,PROD010,4,79.0,0.15,268.6,152.0
LINE000855,ORD00433,PROD001,5,1299.0,0.05,6170.25,4600.0
LINE000856,ORD00434,PROD004,3,249.0,0.15,634.95,420.0
LINE000857,ORD00434,PROD002,5,34.99,0.1,157.46,75.0
LINE000858,ORD00435,PROD006,2,129.0,0.15,219.3,150.0
LINE000859,ORD00435,PROD004,4,249.0,0.1,896.4,560.0
LINE000860,ORD00436,PROD003,4,189.0,0.0,756.0,440.0
LINE000861,ORD00436,PROD002,4,34.99,0.05,132.96,60.0
LINE000862,ORD00437,PROD010,3,79.0,0.0,237.0,114.0
LINE000863,ORD00437,PROD004,2,249.0,0.0,498.0,280.0
LINE000864,ORD00437,PROD008,2,39.0,0.0,78.0,36.0
LINE000865,ORD00438,PROD011,3,49.0,0.05,139.65,66.0
LINE000866,ORD00439,PROD001,3,1299.0,0.15,3312.45,2760.0
LINE000867,ORD00440,PROD003,1,189.0,0.0,189.0,110.0
LINE000868,ORD00440,PROD006,1,129.0,0.0,129.0,75.0
LINE000869,ORD00440,PROD004,5,249.0,0.15,1058.25,700.0
LINE000870,ORD00441,PROD007,3,159.0,0.0,477.0,285.0
LINE000871,ORD00441,PROD001,1,1299.0,0.2,1039.2,920.0
LINE000872,ORD00441,PROD001,4,1299.0,0.0,5196.0,3680.0
LINE000873,ORD00442,PROD007,3,159.0,0.0,477.0,285.0
LINE000874,ORD00442,PROD002,4,34.99,0.2,111.97,60.0
LINE000875,ORD00442,PROD004,4,249.0,0.0,996.0,560.0
LINE000876,ORD00443,PROD005,2,599.0,0.1,1078.2,760.0
LINE000877,ORD00443,PROD008,1,39.0,0.0,39.0,18.0
LINE000878,ORD00444,PROD006,3,129.0,0.1,348.3,225.0
LINE000879,ORD00444,PROD010,1,79.0,0.0,79.0,38.0
LINE000880,ORD00445,PROD012,3,329.0,0.2,789.6,630.0
LINE000881,ORD00445,PROD008,2,39.0,0.0,78.0,36.0
LINE000882,ORD00445,PROD002,2,34.99,0.0,69.98,30.0
LINE000883,ORD00446,PROD008,4,39.0,0.0,156.0,72.0
LINE000884,ORD00446,PROD006,5,129.0,0.0,645.0,375.0
LINE000885,ORD00447,PROD009,5,119.0,0.05,565.25,325.0
LINE000886,ORD00447,PROD002,5,34.99,0.05,166.2,75.0
LINE000887,ORD00448,PROD007,3,159.0,0.0,477.0,285.0
LINE000888,ORD00448,PROD002,5,34.99,0.05,166.2,75.0
LINE000889,ORD00448,PROD006,1,129.0,0.05,122.55,75.0
LINE000890,ORD00449,PROD001,3,1299.0,0.0,3897.0,2760.0
LINE000891,ORD00449,PROD001,5,1299.0,0.15,5520.75,4600.0
LINE000892,ORD00449,PROD006,2,129.0,0.05,245.1,150.0
LINE000893,ORD00450,PROD005,4,599.0,0.05,2276.2,1520.0
LINE000894,ORD00450,PROD008,2,39.0,0.0,78.0,36.0
LINE000895,ORD00450,PROD006,2,129.0,0.0,258.0,150.0
LINE000896,ORD00451,PROD004,3,249.0,0.0,747.0,420.0
LINE000897,ORD00452,PROD005,2,599.0,0.15,1018.3,760.0
LINE000898,ORD00453,PROD005,5,599.0,0.15,2545.75,1900.0
LINE000899,ORD00453,PROD002,3,34.99,0.15,89.22,45.0
LINE000900,ORD00454,PROD009,1,119.0,0.05,113.05,65.0
LINE000901,ORD00454,PROD004,4,249.0,0.0,996.0,560.0
LINE000902,ORD00454,PROD007,2,159.0,0.0,318.0,190.0
LINE000903,ORD00455,PROD007,4,159.0,0.0,636.0,380.0
LINE000904,ORD00456,PROD005,5,599.0,0.05,2845.25,1900.0
LINE000905,ORD00456,PROD001,1,1299.0,0.1,1169.1,920.0
LINE000906,ORD00457,PROD006,5,129.0,0.0,645.0,375.0
LINE000907,ORD00458,PROD010,5,79.0,0.05,375.25,190.0
LINE000908,ORD00458,PROD011,2,49.0,0.0,98.0,44.0
LINE000909,ORD00459,PROD004,1,249.0,0.1,224.1,140.0
LINE000910,ORD00459,PROD008,2,39.0,0.05,74.1,36.0
LINE000911,ORD00460,PROD011,2,49.0,0.0,98.0,44.0
LINE000912,ORD00461,PROD006,4,129.0,0.0,516.0,300.0
LINE000913,ORD00461,PROD011,5,49.0,0.15,208.25,110.0
LINE000914,ORD00461,PROD006,3,129.0,0.0,387.0,225.0
LINE000915,ORD00462,PROD009,2,119.0,0.15,202.3,130.0
LINE000916,ORD00462,PROD004,5,249.0,0.1,1120.5,700.0
LINE000917,ORD00463,PROD008,2,39.0,0.1,70.2,36.0
LINE000918,ORD00463,PROD005,5,599.0,0.0,2995.0,1900.0
LINE000919,ORD00463,PROD011,2,49.0,0.05,93.1,44.0
LINE000920,ORD00464,PROD007,1,159.0,0.1,143.1,95.0
LINE000921,ORD00465,PROD011,5,49.0,0.15,208.25,110.0
LINE000922,ORD00465,PROD011,3,49.0,0.0,147.0,66.0
LINE000923,ORD00466,PROD001,2,1299.0,0.15,2208.3,1840.0
LINE000924,ORD00466,PROD010,5,79.0,0.0,395.0,190.0
LINE000925,ORD00466,PROD011,5,49.0,0.0,245.0,110.0
LINE000926,ORD00467,PROD009,5,119.0,0.1,535.5,325.0
LINE000927,ORD00468,PROD012,1,329.0,0.0,329.0,210.0
LINE000928,ORD00468,PROD003,4,189.0,0.0,756.0,440.0
LINE000929,ORD00469,PROD009,4,119.0,0.05,452.2,260.0
LINE000930,ORD00469,PROD005,2,599.0,0.0,1198.0,760.0
LINE000931,ORD00470,PROD012,5,329.0,0.2,1316.0,1050.0
LINE000932,ORD00470,PROD001,1,1299.0,0.0,1299.0,920.0
LINE000933,ORD00471,PROD009,1,119.0,0.1,107.1,65.0
LINE000934,ORD00471,PROD005,1,599.0,0.0,599.0,380.0
LINE000935,ORD00472,PROD008,4,39.0,0.1,140.4,72.0
LINE000936,ORD00472,PROD002,3,34.99,0.0,104.97,45.0
LINE000937,ORD00473,PROD012,1,329.0,0.05,312.55,210.0
LINE000938,ORD00473,PROD009,2,119.0,0.1,214.2,130.0
LINE000939,ORD00473,PROD012,5,329.0,0.1,1480.5,1050.0
LINE000940,ORD00474,PROD003,3,189.0,0.1,510.3,330.0
LINE000941,ORD00474,PROD012,3,329.0,0.2,789.6,630.0
LINE000942,ORD00474,PROD003,4,189.0,0.1,680.4,440.0
LINE000943,ORD00475,PROD005,3,599.0,0.05,1707.15,1140.0
LINE000944,ORD00476,PROD011,5,49.0,0.1,220.5,110.0
LINE000945,ORD00476,PROD012,4,329.0,0.0,1316.0,840.0
LINE000946,ORD00476,PROD006,1,129.0,0.1,116.1,75.0
LINE000947,ORD00477,PROD006,4,129.0,0.1,464.4,300.0
LINE000948,ORD00478,PROD009,4,119.0,0.1,428.4,260.0
LINE000949,ORD00478,PROD001,5,1299.0,0.05,6170.25,4600.0
LINE000950,ORD00479,PROD007,2,159.0,0.1,286.2,190.0
LINE000951,ORD00480,PROD003,1,189.0,0.0,189.0,110.0
LINE000952,ORD00480,PROD011,1,49.0,0.2,39.2,22.0
LINE000953,ORD00481,PROD001,1,1299.0,0.15,1104.15,920.0
LINE000954,ORD00481,PROD007,2,159.0,0.2,254.4,190.0
LINE000955,ORD00481,PROD002,1,34.99,0.0,34.99,15.0
LINE000956,ORD00482,PROD012,2,329.0,0.0,658.0,420.0
LINE000957,ORD00482,PROD002,4,34.99,0.15,118.97,60.0
LINE000958,ORD00483,PROD007,3,159.0,0.1,429.3,285.0
LINE000959,ORD00483,PROD007,5,159.0,0.2,636.0,475.0
LINE000960,ORD00483,PROD003,2,189.0,0.05,359.1,220.0
LINE000961,ORD00484,PROD009,3,119.0,0.0,357.0,195.0
LINE000962,ORD00484,PROD008,4,39.0,0.1,140.4,72.0
LINE000963,ORD00485,PROD007,4,159.0,0.0,636.0,380.0
LINE000964,ORD00485,PROD008,4,39.0,0.15,132.6,72.0
LINE000965,ORD00485,PROD006,1,129.0,0.15,109.65,75.0
LINE000966,ORD00486,PROD006,5,129.0,0.05,612.75,375.0
LINE000967,ORD00486,PROD002,2,34.99,0.0,69.98,30.0
LINE000968,ORD00487,PROD005,3,599.0,0.0,1797.0,1140.0
LINE000969,ORD00487,PROD005,3,599.0,0.0,1797.0,1140.0
LINE000970,ORD00487,PROD009,5,119.0,0.0,595.0,325.0
LINE000971,ORD00488,PROD001,3,1299.0,0.1,3507.3,2760.0
LINE000972,ORD00488,PROD009,4,119.0,0.15,404.6,260.0
LINE000973,ORD00489,PROD001,1,1299.0,0.2,1039.2,920.0
LINE000974,ORD00489,PROD007,3,159.0,0.0,477.0,285.0
LINE000975,ORD00489,PROD012,3,329.0,0.15,838.95,630.0
LINE000976,ORD00490,PROD004,3,249.0,0.0,747.0,420.0
LINE000977,ORD00490,PROD012,1,329.0,0.05,312.55,210.0
LINE000978,ORD00491,PROD006,5,129.0,0.05,612.75,375.0
LINE000979,ORD00491,PROD008,1,39.0,0.0,39.0,18.0
LINE000980,ORD00491,PROD003,4,189.0,0.0,756.0,440.0
LINE000981,ORD00492,PROD010,1,79.0,0.0,79.0,38.0
LINE000982,ORD00492,PROD009,2,119.0,0.15,202.3,130.0
LINE000983,ORD00493,PROD009,1,119.0,0.0,119.0,65.0
LINE000984,ORD00493,PROD006,2,129.0,0.1,232.2,150.0
LINE000985,ORD00494,PROD011,5,49.0,0.15,208.25,110.0
LINE000986,ORD00495,PROD001,2,1299.0,0.05,2468.1,1840.0
LINE000987,ORD00495,PROD007,1,159.0,0.1,143.1,95.0
LINE000988,ORD00495,PROD011,5,49.0,0.0,245.0,110.0
LINE000989,ORD00496,PROD002,1,34.99,0.0,34.99,15.0
LINE000990,ORD00497,PROD011,1,49.0,0.0,49.0,22.0
LINE000991,ORD00498,PROD006,3,129.0,0.0,387.0,225.0
LINE000992,ORD00499,PROD012,2,329.0,0.0,658.0,420.0
LINE000993,ORD00499,PROD004,4,249.0,0.0,996.0,560.0
LINE000994,ORD00499,PROD007,4,159.0,0.1,572.4,380.0
LINE000995,ORD00500,PROD010,1,79.0,0.0,79.0,38.0
LINE000996,ORD00500,PROD004,1,249.0,0.05,236.55,140.0
